,orthogroup
1,OG0001274.fa
2,OG0001275.fa
3,OG0001276.fa
4,OG0001277.fa
5,OG0001278.fa
6,OG0001279.fa
7,OG0001280.fa
8,OG0001281.fa
9,OG0001282.fa
10,OG0001283.fa
11,OG0001284.fa
12,OG0001285.fa
13,OG0001286.fa
14,OG0001287.fa
15,OG0001288.fa
16,OG0001289.fa
17,OG0001290.fa
18,OG0001291.fa
19,OG0001292.fa
20,OG0001293.fa
21,OG0001294.fa
22,OG0001295.fa
23,OG0001296.fa
24,OG0001298.fa
25,OG0001299.fa
26,OG0001300.fa
27,OG0001301.fa
28,OG0001302.fa
29,OG0001303.fa
30,OG0001304.fa
31,OG0001305.fa
32,OG0001306.fa
33,OG0001307.fa
34,OG0001308.fa
35,OG0001309.fa
36,OG0001310.fa
37,OG0001311.fa
38,OG0001312.fa
39,OG0001313.fa
40,OG0001314.fa
41,OG0001315.fa
42,OG0001316.fa
43,OG0001317.fa
44,OG0001318.fa
45,OG0001319.fa
46,OG0001320.fa
47,OG0001321.fa
48,OG0001322.fa
49,OG0001323.fa
50,OG0001324.fa
51,OG0001325.fa
52,OG0001326.fa
53,OG0001327.fa
54,OG0001328.fa
55,OG0001329.fa
56,OG0001330.fa
57,OG0001331.fa
58,OG0001332.fa
59,OG0001333.fa
60,OG0001334.fa
61,OG0001336.fa
62,OG0001337.fa
63,OG0001338.fa
64,OG0001339.fa
65,OG0001340.fa
66,OG0001341.fa
67,OG0001342.fa
68,OG0001343.fa
69,OG0001344.fa
70,OG0001345.fa
71,OG0001346.fa
72,OG0001347.fa
73,OG0001348.fa
74,OG0001349.fa
75,OG0001350.fa
76,OG0001351.fa
77,OG0001352.fa
78,OG0001353.fa
79,OG0001354.fa
80,OG0001356.fa
81,OG0001357.fa
82,OG0001358.fa
83,OG0001359.fa
84,OG0001360.fa
85,OG0001361.fa
86,OG0001362.fa
87,OG0001363.fa
88,OG0001364.fa
89,OG0001365.fa
90,OG0001366.fa
91,OG0001367.fa
92,OG0001368.fa
93,OG0001369.fa
94,OG0001370.fa
95,OG0001371.fa
96,OG0001372.fa
97,OG0001373.fa
98,OG0001374.fa
99,OG0001375.fa
100,OG0001376.fa
101,OG0001377.fa
102,OG0001378.fa
103,OG0001379.fa
104,OG0001380.fa
105,OG0001381.fa
106,OG0001382.fa
107,OG0001383.fa
108,OG0001384.fa
109,OG0001385.fa
110,OG0001386.fa
111,OG0001387.fa
112,OG0001388.fa
113,OG0001389.fa
114,OG0001390.fa
115,OG0001391.fa
116,OG0001392.fa
117,OG0001393.fa
118,OG0001394.fa
119,OG0001395.fa
120,OG0001396.fa
121,OG0001397.fa
122,OG0001398.fa
123,OG0001399.fa
124,OG0001400.fa
125,OG0001401.fa
126,OG0001402.fa
127,OG0001403.fa
128,OG0001404.fa
129,OG0001405.fa
130,OG0001406.fa
131,OG0001407.fa
132,OG0001408.fa
133,OG0001409.fa
134,OG0001410.fa
135,OG0001412.fa
136,OG0001413.fa
137,OG0001414.fa
138,OG0001415.fa
139,OG0001416.fa
140,OG0001417.fa
141,OG0001418.fa
142,OG0001419.fa
143,OG0001420.fa
144,OG0001421.fa
145,OG0001422.fa
146,OG0001423.fa
147,OG0001424.fa
148,OG0001425.fa
149,OG0001426.fa
150,OG0001427.fa
151,OG0001428.fa
152,OG0001429.fa
153,OG0001430.fa
154,OG0001431.fa
155,OG0001432.fa
156,OG0001433.fa
157,OG0001434.fa
158,OG0001435.fa
159,OG0001436.fa
160,OG0001437.fa
161,OG0001438.fa
162,OG0001439.fa
163,OG0001441.fa
164,OG0001442.fa
165,OG0001443.fa
166,OG0001444.fa
167,OG0001445.fa
168,OG0001446.fa
169,OG0001447.fa
170,OG0001448.fa
171,OG0001449.fa
172,OG0001450.fa
173,OG0001451.fa
174,OG0001452.fa
175,OG0001453.fa
176,OG0001454.fa
177,OG0001455.fa
178,OG0001456.fa
179,OG0001457.fa
180,OG0001458.fa
181,OG0001459.fa
182,OG0001460.fa
183,OG0001461.fa
184,OG0001462.fa
185,OG0001464.fa
186,OG0001465.fa
187,OG0001466.fa
188,OG0001467.fa
189,OG0001468.fa
190,OG0001469.fa
191,OG0001470.fa
192,OG0001471.fa
193,OG0001472.fa
194,OG0001473.fa
195,OG0001474.fa
196,OG0001475.fa
197,OG0001476.fa
198,OG0001477.fa
199,OG0001478.fa
200,OG0001479.fa
201,OG0001480.fa
202,OG0001481.fa
203,OG0001482.fa
204,OG0001483.fa
205,OG0001484.fa
206,OG0001485.fa
207,OG0001486.fa
208,OG0001487.fa
209,OG0001488.fa
210,OG0001489.fa
211,OG0001490.fa
212,OG0001491.fa
213,OG0001492.fa
214,OG0001493.fa
215,OG0001494.fa
216,OG0001495.fa
217,OG0001496.fa
218,OG0001497.fa
219,OG0001498.fa
220,OG0001499.fa
221,OG0001500.fa
222,OG0001501.fa
223,OG0001502.fa
224,OG0001503.fa
225,OG0001504.fa
226,OG0001505.fa
227,OG0001506.fa
228,OG0001507.fa
229,OG0001508.fa
230,OG0001509.fa
231,OG0001510.fa
232,OG0001511.fa
233,OG0001512.fa
234,OG0001513.fa
235,OG0001514.fa
236,OG0001515.fa
237,OG0001516.fa
238,OG0001518.fa
239,OG0001519.fa
240,OG0001520.fa
241,OG0001521.fa
242,OG0001522.fa
243,OG0001523.fa
244,OG0001524.fa
245,OG0001525.fa
246,OG0001526.fa
247,OG0001527.fa
248,OG0001528.fa
249,OG0001529.fa
250,OG0001530.fa
251,OG0001531.fa
252,OG0001532.fa
253,OG0001533.fa
254,OG0001534.fa
255,OG0001535.fa
256,OG0001536.fa
257,OG0001537.fa
258,OG0001538.fa
259,OG0001539.fa
260,OG0001540.fa
261,OG0001541.fa
262,OG0001542.fa
263,OG0001543.fa
264,OG0001544.fa
265,OG0001545.fa
266,OG0001546.fa
267,OG0001547.fa
268,OG0001548.fa
269,OG0001549.fa
270,OG0001550.fa
271,OG0001551.fa
272,OG0001552.fa
273,OG0001553.fa
274,OG0001554.fa
275,OG0001555.fa
276,OG0001556.fa
277,OG0001557.fa
278,OG0001558.fa
279,OG0001559.fa
280,OG0001560.fa
281,OG0001561.fa
282,OG0001562.fa
283,OG0001563.fa
284,OG0001564.fa
285,OG0001565.fa
286,OG0001566.fa
287,OG0001567.fa
288,OG0001568.fa
289,OG0001570.fa
290,OG0001571.fa
291,OG0001572.fa
292,OG0001573.fa
293,OG0001574.fa
294,OG0001576.fa
295,OG0001577.fa
296,OG0001578.fa
297,OG0001579.fa
298,OG0001580.fa
299,OG0001581.fa
300,OG0001582.fa
301,OG0001583.fa
302,OG0001584.fa
303,OG0001585.fa
304,OG0001586.fa
305,OG0001587.fa
306,OG0001589.fa
307,OG0001590.fa
308,OG0001591.fa
309,OG0001592.fa
310,OG0001593.fa
311,OG0001594.fa
312,OG0001595.fa
313,OG0001596.fa
314,OG0001597.fa
315,OG0001598.fa
316,OG0001599.fa
317,OG0001600.fa
318,OG0001601.fa
319,OG0001602.fa
320,OG0001603.fa
321,OG0001604.fa
322,OG0001605.fa
323,OG0001606.fa
324,OG0001607.fa
325,OG0001608.fa
326,OG0001609.fa
327,OG0001610.fa
328,OG0001611.fa
329,OG0001612.fa
330,OG0001613.fa
331,OG0001614.fa
332,OG0001615.fa
333,OG0001616.fa
334,OG0001617.fa
335,OG0001618.fa
336,OG0001619.fa
337,OG0001620.fa
338,OG0001621.fa
339,OG0001622.fa
340,OG0001624.fa
341,OG0001625.fa
342,OG0001626.fa
343,OG0001627.fa
344,OG0001628.fa
345,OG0001629.fa
346,OG0001630.fa
347,OG0001631.fa
348,OG0001632.fa
349,OG0001633.fa
350,OG0001634.fa
351,OG0001635.fa
352,OG0001636.fa
353,OG0001637.fa
354,OG0001638.fa
355,OG0001639.fa
356,OG0001640.fa
357,OG0001641.fa
358,OG0001642.fa
359,OG0001643.fa
360,OG0001644.fa
361,OG0001645.fa
362,OG0001646.fa
363,OG0001647.fa
364,OG0001648.fa
365,OG0001651.fa
366,OG0001653.fa
367,OG0001655.fa
368,OG0001656.fa
369,OG0001657.fa
370,OG0001658.fa
371,OG0001659.fa
372,OG0001660.fa
373,OG0001661.fa
374,OG0001663.fa
375,OG0001664.fa
376,OG0001665.fa
377,OG0001666.fa
378,OG0001668.fa
379,OG0001669.fa
380,OG0001670.fa
381,OG0001671.fa
382,OG0001672.fa
383,OG0001673.fa
384,OG0001674.fa
385,OG0001675.fa
386,OG0001676.fa
387,OG0001677.fa
388,OG0001678.fa
389,OG0001679.fa
390,OG0001680.fa
391,OG0001681.fa
392,OG0001682.fa
393,OG0001683.fa
394,OG0001684.fa
395,OG0001685.fa
396,OG0001687.fa
397,OG0001688.fa
398,OG0001691.fa
399,OG0001692.fa
400,OG0001693.fa
401,OG0001694.fa
402,OG0001695.fa
403,OG0001696.fa
404,OG0001697.fa
405,OG0001699.fa
406,OG0001700.fa
407,OG0001701.fa
408,OG0001702.fa
409,OG0001703.fa
410,OG0001704.fa
411,OG0001705.fa
412,OG0001706.fa
413,OG0001707.fa
414,OG0001708.fa
415,OG0001709.fa
416,OG0001710.fa
417,OG0001711.fa
418,OG0001712.fa
419,OG0001713.fa
420,OG0001714.fa
421,OG0001715.fa
422,OG0001719.fa
423,OG0001720.fa
424,OG0001721.fa
425,OG0001722.fa
426,OG0001725.fa
427,OG0001726.fa
428,OG0001727.fa
429,OG0001728.fa
430,OG0001730.fa
431,OG0001731.fa
432,OG0001734.fa
433,OG0001735.fa
434,OG0001736.fa
435,OG0001737.fa
436,OG0001738.fa
437,OG0001739.fa
438,OG0001740.fa
439,OG0001741.fa
440,OG0001742.fa
441,OG0001743.fa
442,OG0001744.fa
443,OG0001745.fa
444,OG0001747.fa
445,OG0001748.fa
446,OG0001749.fa
447,OG0001750.fa
448,OG0001752.fa
449,OG0001755.fa
450,OG0001756.fa
451,OG0001757.fa
452,OG0001758.fa
453,OG0001759.fa
454,OG0001760.fa
455,OG0001761.fa
456,OG0001762.fa
457,OG0001765.fa
458,OG0001766.fa
459,OG0001768.fa
460,OG0001769.fa
461,OG0001770.fa
462,OG0001771.fa
463,OG0001772.fa
464,OG0001773.fa
465,OG0001774.fa
466,OG0001775.fa
467,OG0001776.fa
468,OG0001777.fa
469,OG0001778.fa
470,OG0001779.fa
471,OG0001781.fa
472,OG0001782.fa
473,OG0001783.fa
474,OG0001784.fa
475,OG0001785.fa
476,OG0001786.fa
477,OG0001787.fa
478,OG0001788.fa
479,OG0001789.fa
480,OG0001790.fa
481,OG0001791.fa
482,OG0001792.fa
483,OG0001793.fa
484,OG0001794.fa
485,OG0001795.fa
486,OG0001796.fa
487,OG0001797.fa
488,OG0001798.fa
489,OG0001799.fa
490,OG0001800.fa
491,OG0001801.fa
492,OG0001802.fa
493,OG0001803.fa
494,OG0001804.fa
495,OG0001805.fa
496,OG0001806.fa
497,OG0001807.fa
498,OG0001808.fa
499,OG0001809.fa
500,OG0001810.fa
501,OG0001811.fa
502,OG0001812.fa
503,OG0001813.fa
504,OG0001814.fa
505,OG0001815.fa
506,OG0001816.fa
507,OG0001817.fa
508,OG0001818.fa
509,OG0001819.fa
510,OG0001820.fa
511,OG0001821.fa
512,OG0001823.fa
513,OG0001824.fa
514,OG0001825.fa
515,OG0001826.fa
516,OG0001827.fa
517,OG0001828.fa
518,OG0001829.fa
519,OG0001830.fa
520,OG0001831.fa
521,OG0001832.fa
522,OG0001833.fa
523,OG0001834.fa
524,OG0001835.fa
525,OG0001836.fa
526,OG0001837.fa
527,OG0001838.fa
528,OG0001839.fa
529,OG0001840.fa
530,OG0001841.fa
531,OG0001842.fa
532,OG0001843.fa
533,OG0001844.fa
534,OG0001845.fa
535,OG0001846.fa
536,OG0001847.fa
537,OG0001848.fa
538,OG0001849.fa
539,OG0001850.fa
540,OG0001851.fa
541,OG0001852.fa
542,OG0001853.fa
543,OG0001854.fa
544,OG0001855.fa
545,OG0001856.fa
546,OG0001857.fa
547,OG0001858.fa
548,OG0001859.fa
549,OG0001861.fa
550,OG0001862.fa
551,OG0001863.fa
552,OG0001864.fa
553,OG0001865.fa
554,OG0001866.fa
555,OG0001867.fa
556,OG0001868.fa
557,OG0001869.fa
558,OG0001870.fa
559,OG0001871.fa
560,OG0001872.fa
561,OG0001873.fa
562,OG0001874.fa
563,OG0001875.fa
564,OG0001876.fa
565,OG0001877.fa
566,OG0001878.fa
567,OG0001879.fa
568,OG0001880.fa
569,OG0001881.fa
570,OG0001882.fa
571,OG0001883.fa
572,OG0001884.fa
573,OG0001885.fa
574,OG0001886.fa
575,OG0001887.fa
576,OG0001888.fa
577,OG0001889.fa
578,OG0001890.fa
579,OG0001891.fa
580,OG0001892.fa
581,OG0001893.fa
582,OG0001894.fa
583,OG0001895.fa
584,OG0001896.fa
585,OG0001897.fa
586,OG0001898.fa
587,OG0001899.fa
588,OG0001900.fa
589,OG0001901.fa
590,OG0001902.fa
591,OG0001904.fa
592,OG0001905.fa
593,OG0001906.fa
594,OG0001907.fa
595,OG0001908.fa
596,OG0001909.fa
597,OG0001910.fa
598,OG0001911.fa
599,OG0001912.fa
600,OG0001913.fa
601,OG0001914.fa
602,OG0001915.fa
603,OG0001916.fa
604,OG0001917.fa
605,OG0001918.fa
606,OG0001919.fa
607,OG0001920.fa
608,OG0001921.fa
609,OG0001922.fa
610,OG0001923.fa
611,OG0001924.fa
612,OG0001925.fa
613,OG0001926.fa
614,OG0001927.fa
615,OG0001928.fa
616,OG0001929.fa
617,OG0001930.fa
618,OG0001931.fa
619,OG0001932.fa
620,OG0001933.fa
621,OG0001934.fa
622,OG0001935.fa
623,OG0001936.fa
624,OG0001937.fa
625,OG0001938.fa
626,OG0001939.fa
627,OG0001940.fa
628,OG0001941.fa
629,OG0001942.fa
630,OG0001943.fa
631,OG0001944.fa
632,OG0001945.fa
633,OG0001946.fa
634,OG0001947.fa
635,OG0001948.fa
636,OG0001949.fa
637,OG0001950.fa
638,OG0001951.fa
639,OG0001952.fa
640,OG0001953.fa
641,OG0001954.fa
642,OG0001955.fa
643,OG0001956.fa
644,OG0001957.fa
645,OG0001958.fa
646,OG0001959.fa
647,OG0001960.fa
648,OG0001961.fa
649,OG0001962.fa
650,OG0001963.fa
651,OG0001964.fa
652,OG0001965.fa
653,OG0001966.fa
654,OG0001967.fa
655,OG0001968.fa
656,OG0001969.fa
657,OG0001971.fa
658,OG0001972.fa
659,OG0001973.fa
660,OG0001974.fa
661,OG0001975.fa
662,OG0001977.fa
663,OG0001978.fa
664,OG0001979.fa
665,OG0001980.fa
666,OG0001981.fa
667,OG0001982.fa
668,OG0001983.fa
669,OG0001984.fa
670,OG0001985.fa
671,OG0001986.fa
672,OG0001987.fa
673,OG0001988.fa
674,OG0001989.fa
675,OG0001990.fa
676,OG0001991.fa
677,OG0001992.fa
678,OG0001993.fa
679,OG0001994.fa
680,OG0001995.fa
681,OG0001996.fa
682,OG0001997.fa
683,OG0001998.fa
684,OG0001999.fa
685,OG0002000.fa
686,OG0002001.fa
687,OG0002002.fa
688,OG0002003.fa
689,OG0002004.fa
690,OG0002005.fa
691,OG0002006.fa
692,OG0002007.fa
693,OG0002008.fa
694,OG0002009.fa
695,OG0002010.fa
696,OG0002011.fa
697,OG0002012.fa
698,OG0002013.fa
699,OG0002014.fa
700,OG0002015.fa
701,OG0002016.fa
702,OG0002017.fa
703,OG0002018.fa
704,OG0002019.fa
705,OG0002020.fa
706,OG0002021.fa
707,OG0002022.fa
708,OG0002023.fa
709,OG0002024.fa
710,OG0002025.fa
711,OG0002026.fa
712,OG0002028.fa
713,OG0002029.fa
714,OG0002030.fa
715,OG0002031.fa
716,OG0002032.fa
717,OG0002033.fa
718,OG0002034.fa
719,OG0002035.fa
720,OG0002036.fa
721,OG0002037.fa
722,OG0002038.fa
723,OG0002039.fa
724,OG0002040.fa
725,OG0002041.fa
726,OG0002042.fa
727,OG0002043.fa
728,OG0002044.fa
729,OG0002045.fa
730,OG0002046.fa
731,OG0002047.fa
732,OG0002048.fa
733,OG0002049.fa
734,OG0002050.fa
735,OG0002051.fa
736,OG0002052.fa
737,OG0002053.fa
738,OG0002054.fa
739,OG0002055.fa
740,OG0002056.fa
741,OG0002057.fa
742,OG0002058.fa
743,OG0002059.fa
744,OG0002061.fa
745,OG0002062.fa
746,OG0002063.fa
747,OG0002068.fa
748,OG0002069.fa
749,OG0002070.fa
750,OG0002071.fa
751,OG0002072.fa
752,OG0002073.fa
753,OG0002074.fa
754,OG0002075.fa
755,OG0002076.fa
756,OG0002077.fa
757,OG0002078.fa
758,OG0002079.fa
759,OG0002080.fa
760,OG0002081.fa
761,OG0002082.fa
762,OG0002083.fa
763,OG0002084.fa
764,OG0002085.fa
765,OG0002086.fa
766,OG0002087.fa
767,OG0002089.fa
768,OG0002090.fa
769,OG0002091.fa
770,OG0002092.fa
771,OG0002093.fa
772,OG0002094.fa
773,OG0002095.fa
774,OG0002096.fa
775,OG0002097.fa
776,OG0002098.fa
777,OG0002099.fa
778,OG0002100.fa
779,OG0002101.fa
780,OG0002102.fa
781,OG0002103.fa
782,OG0002104.fa
783,OG0002105.fa
784,OG0002106.fa
785,OG0002107.fa
786,OG0002108.fa
787,OG0002109.fa
788,OG0002110.fa
789,OG0002111.fa
790,OG0002112.fa
791,OG0002113.fa
792,OG0002114.fa
793,OG0002115.fa
794,OG0002116.fa
795,OG0002117.fa
796,OG0002118.fa
797,OG0002119.fa
798,OG0002120.fa
799,OG0002121.fa
800,OG0002122.fa
801,OG0002123.fa
802,OG0002124.fa
803,OG0002125.fa
804,OG0002126.fa
805,OG0002127.fa
806,OG0002128.fa
807,OG0002129.fa
808,OG0002130.fa
809,OG0002131.fa
810,OG0002132.fa
811,OG0002133.fa
812,OG0002134.fa
813,OG0002135.fa
814,OG0002136.fa
815,OG0002137.fa
816,OG0002138.fa
817,OG0002139.fa
818,OG0002140.fa
819,OG0002141.fa
820,OG0002142.fa
821,OG0002143.fa
822,OG0002144.fa
823,OG0002145.fa
824,OG0002146.fa
825,OG0002147.fa
826,OG0002148.fa
827,OG0002149.fa
828,OG0002151.fa
829,OG0002152.fa
830,OG0002153.fa
831,OG0002154.fa
832,OG0002155.fa
833,OG0002156.fa
834,OG0002157.fa
835,OG0002158.fa
836,OG0002159.fa
837,OG0002160.fa
838,OG0002161.fa
839,OG0002163.fa
840,OG0002164.fa
841,OG0002165.fa
842,OG0002166.fa
843,OG0002168.fa
844,OG0002169.fa
845,OG0002170.fa
846,OG0002171.fa
847,OG0002172.fa
848,OG0002173.fa
849,OG0002174.fa
850,OG0002175.fa
851,OG0002176.fa
852,OG0002178.fa
853,OG0002179.fa
854,OG0002180.fa
855,OG0002182.fa
856,OG0002185.fa
857,OG0002186.fa
858,OG0002187.fa
859,OG0002188.fa
860,OG0002189.fa
861,OG0002190.fa
862,OG0002191.fa
863,OG0002192.fa
864,OG0002193.fa
865,OG0002194.fa
866,OG0002195.fa
867,OG0002196.fa
868,OG0002197.fa
869,OG0002198.fa
870,OG0002199.fa
871,OG0002200.fa
872,OG0002201.fa
873,OG0002202.fa
874,OG0002203.fa
875,OG0002204.fa
876,OG0002205.fa
877,OG0002206.fa
878,OG0002207.fa
879,OG0002208.fa
880,OG0002209.fa
881,OG0002210.fa
882,OG0002211.fa
883,OG0002212.fa
884,OG0002213.fa
885,OG0002214.fa
886,OG0002215.fa
887,OG0002216.fa
888,OG0002217.fa
889,OG0002218.fa
890,OG0002219.fa
891,OG0002220.fa
892,OG0002221.fa
893,OG0002223.fa
894,OG0002224.fa
895,OG0002225.fa
896,OG0002226.fa
897,OG0002227.fa
898,OG0002228.fa
899,OG0002229.fa
900,OG0002230.fa
901,OG0002231.fa
902,OG0002232.fa
903,OG0002233.fa
904,OG0002234.fa
905,OG0002235.fa
906,OG0002236.fa
907,OG0002237.fa
908,OG0002238.fa
909,OG0002239.fa
910,OG0002240.fa
911,OG0002242.fa
912,OG0002243.fa
913,OG0002244.fa
914,OG0002245.fa
915,OG0002246.fa
916,OG0002247.fa
917,OG0002248.fa
918,OG0002249.fa
919,OG0002250.fa
920,OG0002251.fa
921,OG0002252.fa
922,OG0002253.fa
923,OG0002255.fa
924,OG0002256.fa
925,OG0002257.fa
926,OG0002258.fa
927,OG0002259.fa
928,OG0002260.fa
929,OG0002261.fa
930,OG0002262.fa
931,OG0002263.fa
932,OG0002264.fa
933,OG0002265.fa
934,OG0002266.fa
935,OG0002267.fa
936,OG0002268.fa
937,OG0002269.fa
938,OG0002270.fa
939,OG0002271.fa
940,OG0002272.fa
941,OG0002273.fa
942,OG0002274.fa
943,OG0002275.fa
944,OG0002276.fa
945,OG0002277.fa
946,OG0002278.fa
947,OG0002279.fa
948,OG0002280.fa
949,OG0002281.fa
950,OG0002282.fa
951,OG0002283.fa
952,OG0002284.fa
953,OG0002285.fa
954,OG0002286.fa
955,OG0002287.fa
956,OG0002288.fa
957,OG0002289.fa
958,OG0002290.fa
959,OG0002291.fa
960,OG0002292.fa
961,OG0002293.fa
962,OG0002294.fa
963,OG0002295.fa
964,OG0002296.fa
965,OG0002297.fa
966,OG0002298.fa
967,OG0002299.fa
968,OG0002300.fa
969,OG0002301.fa
970,OG0002302.fa
971,OG0002303.fa
972,OG0002304.fa
973,OG0002305.fa
974,OG0002306.fa
975,OG0002307.fa
976,OG0002308.fa
977,OG0002309.fa
978,OG0002310.fa
979,OG0002311.fa
980,OG0002312.fa
981,OG0002313.fa
982,OG0002314.fa
983,OG0002315.fa
984,OG0002316.fa
985,OG0002317.fa
986,OG0002318.fa
987,OG0002320.fa
988,OG0002321.fa
989,OG0002322.fa
990,OG0002323.fa
991,OG0002324.fa
992,OG0002325.fa
993,OG0002326.fa
994,OG0002327.fa
995,OG0002328.fa
996,OG0002329.fa
997,OG0002330.fa
998,OG0002331.fa
999,OG0002332.fa
1000,OG0002333.fa
1001,OG0002334.fa
1002,OG0002335.fa
1003,OG0002336.fa
1004,OG0002337.fa
1005,OG0002338.fa
1006,OG0002339.fa
1007,OG0002340.fa
1008,OG0002341.fa
1009,OG0002342.fa
1010,OG0002343.fa
1011,OG0002344.fa
1012,OG0002345.fa
1013,OG0002346.fa
1014,OG0002347.fa
1015,OG0002349.fa
1016,OG0002350.fa
1017,OG0002351.fa
1018,OG0002352.fa
1019,OG0002353.fa
1020,OG0002354.fa
1021,OG0002355.fa
1022,OG0002356.fa
1023,OG0002357.fa
1024,OG0002358.fa
1025,OG0002359.fa
1026,OG0002360.fa
1027,OG0002361.fa
1028,OG0002362.fa
1029,OG0002363.fa
1030,OG0002366.fa
1031,OG0002367.fa
1032,OG0002368.fa
1033,OG0002369.fa
1034,OG0002370.fa
1035,OG0002371.fa
1036,OG0002372.fa
1037,OG0002373.fa
1038,OG0002374.fa
1039,OG0002375.fa
1040,OG0002381.fa
1041,OG0002383.fa
1042,OG0002384.fa
1043,OG0002385.fa
1044,OG0002386.fa
1045,OG0002387.fa
1046,OG0002388.fa
1047,OG0002389.fa
1048,OG0002390.fa
1049,OG0002391.fa
1050,OG0002392.fa
1051,OG0002393.fa
1052,OG0002394.fa
1053,OG0002395.fa
1054,OG0002396.fa
1055,OG0002397.fa
1056,OG0002398.fa
1057,OG0002399.fa
1058,OG0002400.fa
1059,OG0002401.fa
1060,OG0002402.fa
1061,OG0002403.fa
1062,OG0002404.fa
1063,OG0002405.fa
1064,OG0002406.fa
1065,OG0002407.fa
1066,OG0002408.fa
1067,OG0002409.fa
1068,OG0002410.fa
1069,OG0002411.fa
1070,OG0002412.fa
1071,OG0002413.fa
1072,OG0002414.fa
1073,OG0002415.fa
1074,OG0002416.fa
1075,OG0002417.fa
1076,OG0002418.fa
1077,OG0002419.fa
1078,OG0002420.fa
1079,OG0002421.fa
1080,OG0002422.fa
1081,OG0002423.fa
1082,OG0002425.fa
1083,OG0002426.fa
1084,OG0002427.fa
1085,OG0002428.fa
1086,OG0002429.fa
1087,OG0002430.fa
1088,OG0002431.fa
1089,OG0002432.fa
1090,OG0002433.fa
1091,OG0002434.fa
1092,OG0002435.fa
1093,OG0002436.fa
1094,OG0002437.fa
1095,OG0002440.fa
1096,OG0002441.fa
1097,OG0002442.fa
1098,OG0002443.fa
1099,OG0002444.fa
1100,OG0002445.fa
1101,OG0002446.fa
1102,OG0002447.fa
1103,OG0002448.fa
1104,OG0002449.fa
1105,OG0002450.fa
1106,OG0002451.fa
1107,OG0002452.fa
1108,OG0002453.fa
1109,OG0002454.fa
1110,OG0002455.fa
1111,OG0002456.fa
1112,OG0002457.fa
1113,OG0002458.fa
1114,OG0002459.fa
1115,OG0002460.fa
1116,OG0002461.fa
1117,OG0002462.fa
1118,OG0002463.fa
1119,OG0002464.fa
1120,OG0002465.fa
1121,OG0002466.fa
1122,OG0002467.fa
1123,OG0002468.fa
1124,OG0002469.fa
1125,OG0002470.fa
1126,OG0002471.fa
1127,OG0002472.fa
1128,OG0002473.fa
1129,OG0002474.fa
1130,OG0002475.fa
1131,OG0002476.fa
1132,OG0002477.fa
1133,OG0002478.fa
1134,OG0002479.fa
1135,OG0002480.fa
1136,OG0002481.fa
1137,OG0002482.fa
1138,OG0002483.fa
1139,OG0002485.fa
1140,OG0002486.fa
1141,OG0002487.fa
1142,OG0002488.fa
1143,OG0002489.fa
1144,OG0002490.fa
1145,OG0002491.fa
1146,OG0002492.fa
1147,OG0002493.fa
1148,OG0002494.fa
1149,OG0002495.fa
1150,OG0002496.fa
1151,OG0002497.fa
1152,OG0002498.fa
1153,OG0002499.fa
1154,OG0002500.fa
1155,OG0002501.fa
1156,OG0002502.fa
1157,OG0002503.fa
1158,OG0002504.fa
1159,OG0002505.fa
1160,OG0002506.fa
1161,OG0002507.fa
1162,OG0002508.fa
1163,OG0002509.fa
1164,OG0002510.fa
1165,OG0002512.fa
1166,OG0002514.fa
1167,OG0002515.fa
1168,OG0002516.fa
1169,OG0002517.fa
1170,OG0002518.fa
1171,OG0002519.fa
1172,OG0002520.fa
1173,OG0002521.fa
1174,OG0002522.fa
1175,OG0002523.fa
1176,OG0002524.fa
1177,OG0002525.fa
1178,OG0002526.fa
1179,OG0002527.fa
1180,OG0002528.fa
1181,OG0002529.fa
1182,OG0002530.fa
1183,OG0002531.fa
1184,OG0002532.fa
1185,OG0002533.fa
1186,OG0002534.fa
1187,OG0002535.fa
1188,OG0002536.fa
1189,OG0002537.fa
1190,OG0002538.fa
1191,OG0002539.fa
1192,OG0002540.fa
1193,OG0002541.fa
1194,OG0002542.fa
1195,OG0002543.fa
1196,OG0002544.fa
1197,OG0002545.fa
1198,OG0002546.fa
1199,OG0002547.fa
1200,OG0002548.fa
1201,OG0002549.fa
1202,OG0002550.fa
1203,OG0002551.fa
1204,OG0002552.fa
1205,OG0002553.fa
1206,OG0002554.fa
1207,OG0002555.fa
1208,OG0002556.fa
1209,OG0002557.fa
1210,OG0002558.fa
1211,OG0002560.fa
1212,OG0002561.fa
1213,OG0002562.fa
1214,OG0002563.fa
1215,OG0002564.fa
1216,OG0002565.fa
1217,OG0002566.fa
1218,OG0002567.fa
1219,OG0002568.fa
1220,OG0002570.fa
1221,OG0002571.fa
1222,OG0002572.fa
1223,OG0002573.fa
1224,OG0002574.fa
1225,OG0002575.fa
1226,OG0002576.fa
1227,OG0002577.fa
1228,OG0002578.fa
1229,OG0002579.fa
1230,OG0002580.fa
1231,OG0002581.fa
1232,OG0002582.fa
1233,OG0002583.fa
1234,OG0002584.fa
1235,OG0002585.fa
1236,OG0002586.fa
1237,OG0002587.fa
1238,OG0002588.fa
1239,OG0002589.fa
1240,OG0002590.fa
1241,OG0002591.fa
1242,OG0002592.fa
1243,OG0002593.fa
1244,OG0002594.fa
1245,OG0002595.fa
1246,OG0002596.fa
1247,OG0002597.fa
1248,OG0002598.fa
1249,OG0002599.fa
1250,OG0002600.fa
1251,OG0002601.fa
1252,OG0002602.fa
1253,OG0002603.fa
1254,OG0002605.fa
1255,OG0002606.fa
1256,OG0002608.fa
1257,OG0002609.fa
1258,OG0002610.fa
1259,OG0002611.fa
1260,OG0002612.fa
1261,OG0002613.fa
1262,OG0002614.fa
1263,OG0002615.fa
1264,OG0002616.fa
1265,OG0002617.fa
1266,OG0002618.fa
1267,OG0002619.fa
1268,OG0002620.fa
1269,OG0002621.fa
1270,OG0002622.fa
1271,OG0002623.fa
1272,OG0002624.fa
1273,OG0002625.fa
1274,OG0002626.fa
1275,OG0002627.fa
1276,OG0002628.fa
1277,OG0002629.fa
1278,OG0002630.fa
1279,OG0002631.fa
1280,OG0002632.fa
1281,OG0002633.fa
1282,OG0002634.fa
1283,OG0002635.fa
1284,OG0002636.fa
1285,OG0002637.fa
1286,OG0002638.fa
1287,OG0002639.fa
1288,OG0002640.fa
1289,OG0002641.fa
1290,OG0002642.fa
1291,OG0002643.fa
1292,OG0002644.fa
1293,OG0002645.fa
1294,OG0002646.fa
1295,OG0002647.fa
1296,OG0002648.fa
1297,OG0002649.fa
1298,OG0002650.fa
1299,OG0002651.fa
1300,OG0002652.fa
1301,OG0002653.fa
1302,OG0002654.fa
1303,OG0002655.fa
1304,OG0002656.fa
1305,OG0002657.fa
1306,OG0002658.fa
1307,OG0002659.fa
1308,OG0002660.fa
1309,OG0002661.fa
1310,OG0002662.fa
1311,OG0002663.fa
1312,OG0002665.fa
1313,OG0002666.fa
1314,OG0002667.fa
1315,OG0002668.fa
1316,OG0002669.fa
1317,OG0002670.fa
1318,OG0002671.fa
1319,OG0002672.fa
1320,OG0002673.fa
1321,OG0002674.fa
1322,OG0002675.fa
1323,OG0002676.fa
1324,OG0002677.fa
1325,OG0002678.fa
1326,OG0002679.fa
1327,OG0002680.fa
1328,OG0002682.fa
1329,OG0002684.fa
1330,OG0002685.fa
1331,OG0002686.fa
1332,OG0002687.fa
1333,OG0002688.fa
1334,OG0002689.fa
1335,OG0002690.fa
1336,OG0002691.fa
1337,OG0002692.fa
1338,OG0002693.fa
1339,OG0002694.fa
1340,OG0002695.fa
1341,OG0002696.fa
1342,OG0002697.fa
1343,OG0002698.fa
1344,OG0002699.fa
1345,OG0002700.fa
1346,OG0002701.fa
1347,OG0002702.fa
1348,OG0002703.fa
1349,OG0002704.fa
1350,OG0002705.fa
1351,OG0002706.fa
1352,OG0002707.fa
1353,OG0002708.fa
1354,OG0002709.fa
1355,OG0002711.fa
1356,OG0002712.fa
1357,OG0002713.fa
1358,OG0002714.fa
1359,OG0002715.fa
1360,OG0002716.fa
1361,OG0002717.fa
1362,OG0002718.fa
1363,OG0002719.fa
1364,OG0002721.fa
1365,OG0002722.fa
1366,OG0002723.fa
1367,OG0002724.fa
1368,OG0002725.fa
1369,OG0002726.fa
1370,OG0002727.fa
1371,OG0002728.fa
1372,OG0002729.fa
1373,OG0002730.fa
1374,OG0002731.fa
1375,OG0002732.fa
1376,OG0002733.fa
1377,OG0002734.fa
1378,OG0002735.fa
1379,OG0002736.fa
1380,OG0002737.fa
1381,OG0002738.fa
1382,OG0002739.fa
1383,OG0002740.fa
1384,OG0002741.fa
1385,OG0002742.fa
1386,OG0002743.fa
1387,OG0002744.fa
1388,OG0002745.fa
1389,OG0002746.fa
1390,OG0002747.fa
1391,OG0002748.fa
1392,OG0002749.fa
1393,OG0002750.fa
1394,OG0002751.fa
1395,OG0002752.fa
1396,OG0002753.fa
1397,OG0002754.fa
1398,OG0002755.fa
1399,OG0002756.fa
1400,OG0002757.fa
1401,OG0002758.fa
1402,OG0002759.fa
1403,OG0002760.fa
1404,OG0002761.fa
1405,OG0002762.fa
1406,OG0002763.fa
1407,OG0002764.fa
1408,OG0002765.fa
1409,OG0002766.fa
1410,OG0002767.fa
1411,OG0002768.fa
1412,OG0002769.fa
1413,OG0002770.fa
1414,OG0002771.fa
1415,OG0002772.fa
1416,OG0002773.fa
1417,OG0002774.fa
1418,OG0002775.fa
1419,OG0002776.fa
1420,OG0002777.fa
1421,OG0002778.fa
1422,OG0002779.fa
1423,OG0002780.fa
1424,OG0002781.fa
1425,OG0002782.fa
1426,OG0002783.fa
1427,OG0002784.fa
1428,OG0002785.fa
1429,OG0002786.fa
1430,OG0002787.fa
1431,OG0002788.fa
1432,OG0002789.fa
1433,OG0002790.fa
1434,OG0002791.fa
1435,OG0002792.fa
1436,OG0002793.fa
1437,OG0002794.fa
1438,OG0002795.fa
1439,OG0002796.fa
1440,OG0002797.fa
1441,OG0002798.fa
1442,OG0002800.fa
1443,OG0002801.fa
1444,OG0002802.fa
1445,OG0002803.fa
1446,OG0002804.fa
1447,OG0002805.fa
1448,OG0002806.fa
1449,OG0002807.fa
1450,OG0002808.fa
1451,OG0002809.fa
1452,OG0002810.fa
1453,OG0002811.fa
1454,OG0002812.fa
1455,OG0002813.fa
1456,OG0002814.fa
1457,OG0002815.fa
1458,OG0002816.fa
1459,OG0002817.fa
1460,OG0002818.fa
1461,OG0002819.fa
1462,OG0002820.fa
1463,OG0002821.fa
1464,OG0002822.fa
1465,OG0002823.fa
1466,OG0002824.fa
1467,OG0002825.fa
1468,OG0002826.fa
1469,OG0002827.fa
1470,OG0002828.fa
1471,OG0002829.fa
1472,OG0002830.fa
1473,OG0002831.fa
1474,OG0002832.fa
1475,OG0002834.fa
1476,OG0002835.fa
1477,OG0002836.fa
1478,OG0002837.fa
1479,OG0002838.fa
1480,OG0002839.fa
1481,OG0002840.fa
1482,OG0002841.fa
1483,OG0002842.fa
1484,OG0002843.fa
1485,OG0002844.fa
1486,OG0002845.fa
1487,OG0002846.fa
1488,OG0002847.fa
1489,OG0002848.fa
1490,OG0002849.fa
1491,OG0002850.fa
1492,OG0002851.fa
1493,OG0002852.fa
1494,OG0002853.fa
1495,OG0002854.fa
1496,OG0002855.fa
1497,OG0002856.fa
1498,OG0002857.fa
1499,OG0002858.fa
1500,OG0002859.fa
1501,OG0002860.fa
1502,OG0002861.fa
1503,OG0002862.fa
1504,OG0002863.fa
1505,OG0002864.fa
1506,OG0002865.fa
1507,OG0002866.fa
1508,OG0002867.fa
1509,OG0002868.fa
1510,OG0002869.fa
1511,OG0002870.fa
1512,OG0002871.fa
1513,OG0002872.fa
1514,OG0002873.fa
1515,OG0002874.fa
1516,OG0002875.fa
1517,OG0002876.fa
1518,OG0002877.fa
1519,OG0002878.fa
1520,OG0002879.fa
1521,OG0002880.fa
1522,OG0002881.fa
1523,OG0002882.fa
1524,OG0002883.fa
1525,OG0002884.fa
1526,OG0002885.fa
1527,OG0002886.fa
1528,OG0002887.fa
1529,OG0002888.fa
1530,OG0002889.fa
1531,OG0002890.fa
1532,OG0002891.fa
1533,OG0002892.fa
1534,OG0002893.fa
1535,OG0002894.fa
1536,OG0002895.fa
1537,OG0002896.fa
1538,OG0002897.fa
1539,OG0002898.fa
1540,OG0002899.fa
1541,OG0002900.fa
1542,OG0002901.fa
1543,OG0002902.fa
1544,OG0002903.fa
1545,OG0002904.fa
1546,OG0002905.fa
1547,OG0002906.fa
1548,OG0002907.fa
1549,OG0002908.fa
1550,OG0002909.fa
1551,OG0002910.fa
1552,OG0002911.fa
1553,OG0002912.fa
1554,OG0002913.fa
1555,OG0002914.fa
1556,OG0002915.fa
1557,OG0002916.fa
1558,OG0002917.fa
1559,OG0002918.fa
1560,OG0002920.fa
1561,OG0002921.fa
1562,OG0002922.fa
1563,OG0002923.fa
1564,OG0002924.fa
1565,OG0002925.fa
1566,OG0002926.fa
1567,OG0002927.fa
1568,OG0002928.fa
1569,OG0002929.fa
1570,OG0002930.fa
1571,OG0002931.fa
1572,OG0002932.fa
1573,OG0002933.fa
1574,OG0002934.fa
1575,OG0002935.fa
1576,OG0002936.fa
1577,OG0002937.fa
1578,OG0002938.fa
1579,OG0002939.fa
1580,OG0002940.fa
1581,OG0002941.fa
1582,OG0002942.fa
1583,OG0002943.fa
1584,OG0002944.fa
1585,OG0002945.fa
1586,OG0002946.fa
1587,OG0002947.fa
1588,OG0002948.fa
1589,OG0002949.fa
1590,OG0002950.fa
1591,OG0002951.fa
1592,OG0002952.fa
1593,OG0002953.fa
1594,OG0002954.fa
1595,OG0002955.fa
1596,OG0002956.fa
1597,OG0002957.fa
1598,OG0002958.fa
1599,OG0002959.fa
1600,OG0002960.fa
1601,OG0002961.fa
1602,OG0002962.fa
1603,OG0002963.fa
1604,OG0002964.fa
1605,OG0002965.fa
1606,OG0002966.fa
1607,OG0002967.fa
1608,OG0002968.fa
1609,OG0002969.fa
1610,OG0002970.fa
1611,OG0002971.fa
1612,OG0002972.fa
1613,OG0002973.fa
1614,OG0002974.fa
1615,OG0002975.fa
1616,OG0002976.fa
1617,OG0002977.fa
1618,OG0002978.fa
1619,OG0002979.fa
1620,OG0002980.fa
1621,OG0002981.fa
1622,OG0002982.fa
1623,OG0002983.fa
1624,OG0002984.fa
1625,OG0002985.fa
1626,OG0002986.fa
1627,OG0002987.fa
1628,OG0002988.fa
1629,OG0002989.fa
1630,OG0002990.fa
1631,OG0002991.fa
1632,OG0002992.fa
1633,OG0002993.fa
1634,OG0002994.fa
1635,OG0002995.fa
1636,OG0002996.fa
1637,OG0002997.fa
1638,OG0002998.fa
1639,OG0002999.fa
1640,OG0003000.fa
1641,OG0003001.fa
1642,OG0003002.fa
1643,OG0003003.fa
1644,OG0003004.fa
1645,OG0003005.fa
1646,OG0003006.fa
1647,OG0003007.fa
1648,OG0003008.fa
1649,OG0003009.fa
1650,OG0003010.fa
1651,OG0003011.fa
1652,OG0003012.fa
1653,OG0003013.fa
1654,OG0003014.fa
1655,OG0003015.fa
1656,OG0003016.fa
1657,OG0003017.fa
1658,OG0003018.fa
1659,OG0003019.fa
1660,OG0003020.fa
1661,OG0003021.fa
1662,OG0003022.fa
1663,OG0003023.fa
1664,OG0003024.fa
1665,OG0003025.fa
1666,OG0003026.fa
1667,OG0003027.fa
1668,OG0003028.fa
1669,OG0003029.fa
1670,OG0003030.fa
1671,OG0003031.fa
1672,OG0003032.fa
1673,OG0003033.fa
1674,OG0003034.fa
1675,OG0003035.fa
1676,OG0003036.fa
1677,OG0003037.fa
1678,OG0003038.fa
1679,OG0003039.fa
1680,OG0003040.fa
1681,OG0003041.fa
1682,OG0003042.fa
1683,OG0003043.fa
1684,OG0003044.fa
1685,OG0003045.fa
1686,OG0003046.fa
1687,OG0003047.fa
1688,OG0003048.fa
1689,OG0003049.fa
1690,OG0003050.fa
1691,OG0003051.fa
1692,OG0003052.fa
1693,OG0003053.fa
1694,OG0003054.fa
1695,OG0003055.fa
1696,OG0003056.fa
1697,OG0003057.fa
1698,OG0003058.fa
1699,OG0003059.fa
1700,OG0003060.fa
1701,OG0003061.fa
1702,OG0003062.fa
1703,OG0003063.fa
1704,OG0003064.fa
1705,OG0003065.fa
1706,OG0003066.fa
1707,OG0003067.fa
1708,OG0003068.fa
1709,OG0003069.fa
1710,OG0003070.fa
1711,OG0003071.fa
1712,OG0003072.fa
1713,OG0003073.fa
1714,OG0003074.fa
1715,OG0003075.fa
1716,OG0003076.fa
1717,OG0003077.fa
1718,OG0003078.fa
1719,OG0003079.fa
1720,OG0003080.fa
1721,OG0003081.fa
1722,OG0003082.fa
1723,OG0003083.fa
1724,OG0003084.fa
1725,OG0003085.fa
1726,OG0003086.fa
1727,OG0003087.fa
1728,OG0003088.fa
1729,OG0003089.fa
1730,OG0003091.fa
1731,OG0003092.fa
1732,OG0003093.fa
1733,OG0003094.fa
1734,OG0003095.fa
1735,OG0003096.fa
1736,OG0003097.fa
1737,OG0003098.fa
1738,OG0003099.fa
1739,OG0003101.fa
1740,OG0003102.fa
1741,OG0003103.fa
1742,OG0003104.fa
1743,OG0003105.fa
1744,OG0003106.fa
1745,OG0003107.fa
1746,OG0003108.fa
1747,OG0003109.fa
1748,OG0003110.fa
1749,OG0003111.fa
1750,OG0003112.fa
1751,OG0003113.fa
1752,OG0003114.fa
1753,OG0003115.fa
1754,OG0003116.fa
1755,OG0003117.fa
1756,OG0003118.fa
1757,OG0003119.fa
1758,OG0003120.fa
1759,OG0003121.fa
1760,OG0003122.fa
1761,OG0003123.fa
1762,OG0003124.fa
1763,OG0003125.fa
1764,OG0003126.fa
1765,OG0003127.fa
1766,OG0003128.fa
1767,OG0003129.fa
1768,OG0003130.fa
1769,OG0003131.fa
1770,OG0003132.fa
1771,OG0003133.fa
1772,OG0003134.fa
1773,OG0003135.fa
1774,OG0003136.fa
1775,OG0003137.fa
1776,OG0003138.fa
1777,OG0003139.fa
1778,OG0003140.fa
1779,OG0003141.fa
1780,OG0003142.fa
1781,OG0003143.fa
1782,OG0003144.fa
1783,OG0003145.fa
1784,OG0003146.fa
1785,OG0003148.fa
1786,OG0003149.fa
1787,OG0003150.fa
1788,OG0003151.fa
1789,OG0003152.fa
1790,OG0003153.fa
1791,OG0003154.fa
1792,OG0003155.fa
1793,OG0003156.fa
1794,OG0003157.fa
1795,OG0003158.fa
1796,OG0003159.fa
1797,OG0003160.fa
1798,OG0003161.fa
1799,OG0003162.fa
1800,OG0003163.fa
1801,OG0003164.fa
1802,OG0003165.fa
1803,OG0003166.fa
1804,OG0003167.fa
1805,OG0003168.fa
1806,OG0003169.fa
1807,OG0003171.fa
1808,OG0003172.fa
1809,OG0003173.fa
1810,OG0003174.fa
1811,OG0003175.fa
1812,OG0003176.fa
1813,OG0003177.fa
1814,OG0003178.fa
1815,OG0003179.fa
1816,OG0003180.fa
1817,OG0003181.fa
1818,OG0003182.fa
1819,OG0003183.fa
1820,OG0003184.fa
1821,OG0003185.fa
1822,OG0003186.fa
1823,OG0003187.fa
1824,OG0003188.fa
1825,OG0003189.fa
1826,OG0003190.fa
1827,OG0003191.fa
1828,OG0003192.fa
1829,OG0003193.fa
1830,OG0003194.fa
1831,OG0003195.fa
1832,OG0003197.fa
1833,OG0003198.fa
1834,OG0003199.fa
1835,OG0003200.fa
1836,OG0003201.fa
1837,OG0003202.fa
1838,OG0003203.fa
1839,OG0003204.fa
1840,OG0003205.fa
1841,OG0003206.fa
1842,OG0003207.fa
1843,OG0003208.fa
1844,OG0003209.fa
1845,OG0003210.fa
1846,OG0003211.fa
1847,OG0003212.fa
1848,OG0003213.fa
1849,OG0003214.fa
1850,OG0003216.fa
1851,OG0003217.fa
1852,OG0003218.fa
1853,OG0003219.fa
1854,OG0003220.fa
1855,OG0003221.fa
1856,OG0003222.fa
1857,OG0003223.fa
1858,OG0003224.fa
1859,OG0003225.fa
1860,OG0003226.fa
1861,OG0003227.fa
1862,OG0003228.fa
1863,OG0003229.fa
1864,OG0003230.fa
1865,OG0003231.fa
1866,OG0003232.fa
1867,OG0003233.fa
1868,OG0003234.fa
1869,OG0003235.fa
1870,OG0003236.fa
1871,OG0003237.fa
1872,OG0003238.fa
1873,OG0003239.fa
1874,OG0003240.fa
1875,OG0003241.fa
1876,OG0003242.fa
1877,OG0003243.fa
1878,OG0003244.fa
1879,OG0003245.fa
1880,OG0003246.fa
1881,OG0003250.fa
1882,OG0003252.fa
1883,OG0003253.fa
1884,OG0003257.fa
1885,OG0003258.fa
1886,OG0003259.fa
1887,OG0003260.fa
1888,OG0003261.fa
1889,OG0003262.fa
1890,OG0003263.fa
1891,OG0003264.fa
1892,OG0003265.fa
1893,OG0003266.fa
1894,OG0003267.fa
1895,OG0003268.fa
1896,OG0003270.fa
1897,OG0003271.fa
1898,OG0003272.fa
1899,OG0003273.fa
1900,OG0003274.fa
1901,OG0003275.fa
1902,OG0003276.fa
1903,OG0003277.fa
1904,OG0003278.fa
1905,OG0003279.fa
1906,OG0003282.fa
1907,OG0003283.fa
1908,OG0003285.fa
1909,OG0003286.fa
1910,OG0003287.fa
1911,OG0003288.fa
1912,OG0003289.fa
1913,OG0003290.fa
1914,OG0003291.fa
1915,OG0003294.fa
1916,OG0003296.fa
1917,OG0003297.fa
1918,OG0003298.fa
1919,OG0003299.fa
1920,OG0003300.fa
1921,OG0003301.fa
1922,OG0003302.fa
1923,OG0003303.fa
1924,OG0003304.fa
1925,OG0003305.fa
1926,OG0003306.fa
1927,OG0003307.fa
1928,OG0003308.fa
1929,OG0003309.fa
1930,OG0003310.fa
1931,OG0003311.fa
1932,OG0003312.fa
1933,OG0003313.fa
1934,OG0003314.fa
1935,OG0003315.fa
1936,OG0003316.fa
1937,OG0003317.fa
1938,OG0003318.fa
1939,OG0003319.fa
1940,OG0003320.fa
1941,OG0003321.fa
1942,OG0003322.fa
1943,OG0003324.fa
1944,OG0003325.fa
1945,OG0003326.fa
1946,OG0003327.fa
1947,OG0003328.fa
1948,OG0003329.fa
1949,OG0003330.fa
1950,OG0003331.fa
1951,OG0003332.fa
1952,OG0003333.fa
1953,OG0003334.fa
1954,OG0003335.fa
1955,OG0003336.fa
1956,OG0003337.fa
1957,OG0003338.fa
1958,OG0003339.fa
1959,OG0003340.fa
1960,OG0003341.fa
1961,OG0003342.fa
1962,OG0003343.fa
1963,OG0003344.fa
1964,OG0003345.fa
1965,OG0003347.fa
1966,OG0003348.fa
1967,OG0003349.fa
1968,OG0003350.fa
1969,OG0003351.fa
1970,OG0003352.fa
1971,OG0003353.fa
1972,OG0003354.fa
1973,OG0003355.fa
1974,OG0003356.fa
1975,OG0003357.fa
1976,OG0003358.fa
1977,OG0003359.fa
1978,OG0003360.fa
1979,OG0003361.fa
1980,OG0003362.fa
1981,OG0003363.fa
1982,OG0003364.fa
1983,OG0003365.fa
1984,OG0003366.fa
1985,OG0003367.fa
1986,OG0003368.fa
1987,OG0003369.fa
1988,OG0003370.fa
1989,OG0003371.fa
1990,OG0003372.fa
1991,OG0003373.fa
1992,OG0003374.fa
1993,OG0003375.fa
1994,OG0003376.fa
1995,OG0003377.fa
1996,OG0003378.fa
1997,OG0003379.fa
1998,OG0003380.fa
1999,OG0003381.fa
2000,OG0003382.fa
2001,OG0003383.fa
2002,OG0003384.fa
2003,OG0003386.fa
2004,OG0003387.fa
2005,OG0003388.fa
2006,OG0003389.fa
2007,OG0003391.fa
2008,OG0003392.fa
2009,OG0003393.fa
2010,OG0003394.fa
2011,OG0003395.fa
2012,OG0003396.fa
2013,OG0003397.fa
2014,OG0003398.fa
2015,OG0003399.fa
2016,OG0003400.fa
2017,OG0003401.fa
2018,OG0003402.fa
2019,OG0003403.fa
2020,OG0003404.fa
2021,OG0003405.fa
2022,OG0003406.fa
2023,OG0003407.fa
2024,OG0003408.fa
2025,OG0003409.fa
2026,OG0003410.fa
2027,OG0003411.fa
2028,OG0003412.fa
2029,OG0003413.fa
2030,OG0003414.fa
2031,OG0003415.fa
2032,OG0003416.fa
2033,OG0003417.fa
2034,OG0003418.fa
2035,OG0003419.fa
2036,OG0003420.fa
2037,OG0003422.fa
2038,OG0003423.fa
2039,OG0003424.fa
2040,OG0003425.fa
2041,OG0003426.fa
2042,OG0003427.fa
2043,OG0003428.fa
2044,OG0003429.fa
2045,OG0003430.fa
2046,OG0003431.fa
2047,OG0003432.fa
2048,OG0003433.fa
2049,OG0003434.fa
2050,OG0003435.fa
2051,OG0003436.fa
2052,OG0003437.fa
2053,OG0003438.fa
2054,OG0003439.fa
2055,OG0003440.fa
2056,OG0003441.fa
2057,OG0003442.fa
2058,OG0003443.fa
2059,OG0003444.fa
2060,OG0003445.fa
2061,OG0003446.fa
2062,OG0003447.fa
2063,OG0003448.fa
2064,OG0003449.fa
2065,OG0003450.fa
2066,OG0003451.fa
2067,OG0003452.fa
2068,OG0003453.fa
2069,OG0003454.fa
2070,OG0003455.fa
2071,OG0003456.fa
2072,OG0003457.fa
2073,OG0003458.fa
2074,OG0003459.fa
2075,OG0003460.fa
2076,OG0003461.fa
2077,OG0003462.fa
2078,OG0003463.fa
2079,OG0003464.fa
2080,OG0003465.fa
2081,OG0003466.fa
2082,OG0003467.fa
2083,OG0003468.fa
2084,OG0003470.fa
2085,OG0003471.fa
2086,OG0003472.fa
2087,OG0003473.fa
2088,OG0003474.fa
2089,OG0003475.fa
2090,OG0003476.fa
2091,OG0003477.fa
2092,OG0003478.fa
2093,OG0003479.fa
2094,OG0003480.fa
2095,OG0003481.fa
2096,OG0003482.fa
2097,OG0003483.fa
2098,OG0003484.fa
2099,OG0003485.fa
2100,OG0003486.fa
2101,OG0003487.fa
2102,OG0003488.fa
2103,OG0003489.fa
2104,OG0003490.fa
2105,OG0003491.fa
2106,OG0003492.fa
2107,OG0003493.fa
2108,OG0003494.fa
2109,OG0003495.fa
2110,OG0003496.fa
2111,OG0003497.fa
2112,OG0003498.fa
2113,OG0003499.fa
2114,OG0003500.fa
2115,OG0003501.fa
2116,OG0003502.fa
2117,OG0003503.fa
2118,OG0003504.fa
2119,OG0003505.fa
2120,OG0003506.fa
2121,OG0003508.fa
2122,OG0003509.fa
2123,OG0003510.fa
2124,OG0003511.fa
2125,OG0003512.fa
2126,OG0003513.fa
2127,OG0003515.fa
2128,OG0003516.fa
2129,OG0003517.fa
2130,OG0003518.fa
2131,OG0003519.fa
2132,OG0003520.fa
2133,OG0003521.fa
2134,OG0003522.fa
2135,OG0003523.fa
2136,OG0003524.fa
2137,OG0003525.fa
2138,OG0003526.fa
2139,OG0003527.fa
2140,OG0003528.fa
2141,OG0003529.fa
2142,OG0003530.fa
2143,OG0003531.fa
2144,OG0003532.fa
2145,OG0003533.fa
2146,OG0003534.fa
2147,OG0003535.fa
2148,OG0003536.fa
2149,OG0003537.fa
2150,OG0003538.fa
2151,OG0003539.fa
2152,OG0003540.fa
2153,OG0003541.fa
2154,OG0003542.fa
2155,OG0003543.fa
2156,OG0003544.fa
2157,OG0003545.fa
2158,OG0003546.fa
2159,OG0003547.fa
2160,OG0003548.fa
2161,OG0003549.fa
2162,OG0003550.fa
2163,OG0003551.fa
2164,OG0003552.fa
2165,OG0003553.fa
2166,OG0003554.fa
2167,OG0003555.fa
2168,OG0003556.fa
2169,OG0003557.fa
2170,OG0003558.fa
2171,OG0003559.fa
2172,OG0003560.fa
2173,OG0003561.fa
2174,OG0003563.fa
2175,OG0003564.fa
2176,OG0003566.fa
2177,OG0003567.fa
2178,OG0003568.fa
2179,OG0003569.fa
2180,OG0003570.fa
2181,OG0003571.fa
2182,OG0003572.fa
2183,OG0003573.fa
2184,OG0003574.fa
2185,OG0003575.fa
2186,OG0003576.fa
2187,OG0003577.fa
2188,OG0003578.fa
2189,OG0003579.fa
2190,OG0003580.fa
2191,OG0003581.fa
2192,OG0003582.fa
2193,OG0003583.fa
2194,OG0003584.fa
2195,OG0003585.fa
2196,OG0003586.fa
2197,OG0003587.fa
2198,OG0003589.fa
2199,OG0003590.fa
2200,OG0003591.fa
2201,OG0003592.fa
2202,OG0003593.fa
2203,OG0003594.fa
2204,OG0003595.fa
2205,OG0003596.fa
2206,OG0003597.fa
2207,OG0003598.fa
2208,OG0003599.fa
2209,OG0003600.fa
2210,OG0003601.fa
2211,OG0003602.fa
2212,OG0003603.fa
2213,OG0003604.fa
2214,OG0003605.fa
2215,OG0003606.fa
2216,OG0003607.fa
2217,OG0003608.fa
2218,OG0003609.fa
2219,OG0003610.fa
2220,OG0003611.fa
2221,OG0003612.fa
2222,OG0003613.fa
2223,OG0003614.fa
2224,OG0003615.fa
2225,OG0003616.fa
2226,OG0003617.fa
2227,OG0003618.fa
2228,OG0003619.fa
2229,OG0003620.fa
2230,OG0003621.fa
2231,OG0003622.fa
2232,OG0003623.fa
2233,OG0003624.fa
2234,OG0003625.fa
2235,OG0003626.fa
2236,OG0003627.fa
2237,OG0003628.fa
2238,OG0003629.fa
2239,OG0003630.fa
2240,OG0003631.fa
2241,OG0003632.fa
2242,OG0003633.fa
2243,OG0003634.fa
2244,OG0003635.fa
2245,OG0003636.fa
2246,OG0003637.fa
2247,OG0003638.fa
2248,OG0003639.fa
2249,OG0003640.fa
2250,OG0003641.fa
2251,OG0003642.fa
2252,OG0003643.fa
2253,OG0003644.fa
2254,OG0003645.fa
2255,OG0003646.fa
2256,OG0003647.fa
2257,OG0003648.fa
2258,OG0003649.fa
2259,OG0003650.fa
2260,OG0003651.fa
2261,OG0003652.fa
2262,OG0003653.fa
2263,OG0003654.fa
2264,OG0003655.fa
2265,OG0003656.fa
2266,OG0003657.fa
2267,OG0003658.fa
2268,OG0003659.fa
2269,OG0003660.fa
2270,OG0003661.fa
2271,OG0003662.fa
2272,OG0003663.fa
2273,OG0003664.fa
2274,OG0003665.fa
2275,OG0003666.fa
2276,OG0003667.fa
2277,OG0003668.fa
2278,OG0003669.fa
2279,OG0003670.fa
2280,OG0003671.fa
2281,OG0003672.fa
2282,OG0003673.fa
2283,OG0003674.fa
2284,OG0003675.fa
2285,OG0003676.fa
2286,OG0003677.fa
2287,OG0003678.fa
2288,OG0003679.fa
2289,OG0003680.fa
2290,OG0003681.fa
2291,OG0003682.fa
2292,OG0003683.fa
2293,OG0003684.fa
2294,OG0003686.fa
2295,OG0003687.fa
2296,OG0003689.fa
2297,OG0003690.fa
2298,OG0003691.fa
2299,OG0003692.fa
2300,OG0003693.fa
2301,OG0003694.fa
2302,OG0003695.fa
2303,OG0003696.fa
2304,OG0003697.fa
2305,OG0003698.fa
2306,OG0003699.fa
2307,OG0003700.fa
2308,OG0003701.fa
